Category,Link,Local Link
Dog,https://www.flickr.com/photos/a_peach/8631368705/in/photolist-e9J2cP-9aRtNF-9pgKCb-3b8e9-8oiqjq-QJ8Z8F-star-apYgyS-ce8ncY-55oL7G-9BtV9r-2phPP-2mKtMd-5iC2WD-23iXvbZ-2JEmRM-f5fGu5-2pdVqB-K3w5U-4RctFx-7kACFb-4RcvUP-2iYMk7-2b4bhu1-RFSxMQ-8jkLFa-eBRJP-ef42Vy-bAg6A2-2b1qicD-28ZmRV9-941fno-e9U3fD-5ZSdqr-rcAzjJ-2b4boRE-nDpT57-cK6Wz9-3vbJxb-2b4bqoC-dS1yiW-dordhd-pD3hP-dgy8NT-RFSz1b-qksXCw-Q4yKMR-RFSapy-2buQvJW-VD7wmz,https://i.imgur.com/pGd5acl.jpg
Dog,https://www.flickr.com/photos/mobentec/5362356631/in/photolist-9aRtNF-9pgKCb-3b8e9-8oiqjq-QJ8Z8F-star-apYgyS-ce8ncY-55oL7G-9BtV9r-2phPP-2mKtMd-5iC2WD-23iXvbZ-2JEmRM-f5fGu5-2pdVqB-K3w5U-4RctFx-7kACFb-4RcvUP-2iYMk7-2b4bhu1-RFSxMQ-8jkLFa-eBRJP-ef42Vy-bAg6A2-2b1qicD-28ZmRV9-941fno-e9U3fD-5ZSdqr-rcAzjJ-2b4boRE-nDpT57-cK6Wz9-3vbJxb-2b4bqoC-dS1yiW-dordhd-pD3hP-dgy8NT-RFSz1b-qksXCw-Q4yKMR-RFSapy-2buQvJW-VD7wmz-8jmfAL,https://i.imgur.com/Y2W3AgI.jpg
Dog,https://www.flickr.com/photos/martinastley/5514206982/in/photolist-9pgKCb-3b8e9-8oiqjq-QJ8Z8F-star-apYgyS-ce8ncY-55oL7G-9BtV9r-2phPP-2mKtMd-5iC2WD-23iXvbZ-2JEmRM-f5fGu5-2pdVqB-K3w5U-4RctFx-7kACFb-4RcvUP-2iYMk7-2b4bhu1-RFSxMQ-8jkLFa-eBRJP-ef42Vy-bAg6A2-2b1qicD-28ZmRV9-941fno-e9U3fD-5ZSdqr-rcAzjJ-2b4boRE-nDpT57-cK6Wz9-3vbJxb-2b4bqoC-dS1yiW-dordhd-pD3hP-dgy8NT-RFSz1b-qksXCw-Q4yKMR-RFSapy-2buQvJW-VD7wmz-8jmfAL-qLvUDz,https://i.imgur.com/zt1u7dl.jpg
Dog,https://www.flickr.com/photos/tjc/24608422/in/photolist-3b8e9-8oiqjq-QJ8Z8F-star-apYgyS-ce8ncY-55oL7G-9BtV9r-2phPP-2mKtMd-5iC2WD-23iXvbZ-2JEmRM-f5fGu5-2pdVqB-K3w5U-4RctFx-7kACFb-4RcvUP-2iYMk7-2b4bhu1-RFSxMQ-8jkLFa-eBRJP-ef42Vy-bAg6A2-2b1qicD-28ZmRV9-941fno-e9U3fD-5ZSdqr-rcAzjJ-2b4boRE-nDpT57-cK6Wz9-3vbJxb-2b4bqoC-dS1yiW-dordhd-pD3hP-dgy8NT-RFSz1b-qksXCw-Q4yKMR-RFSapy-2buQvJW-VD7wmz-8jmfAL-qLvUDz-2dPKosi,https://i.imgur.com/QQOIJgk.jpg
Dog,https://www.flickr.com/photos/50657150@N03/4846858996/in/photolist-8oiqjq-QJ8Z8F-star-apYgyS-ce8ncY-55oL7G-9BtV9r-2phPP-2mKtMd-5iC2WD-23iXvbZ-2JEmRM-f5fGu5-2pdVqB-K3w5U-4RctFx-7kACFb-4RcvUP-2iYMk7-2b4bhu1-RFSxMQ-8jkLFa-eBRJP-ef42Vy-bAg6A2-2b1qicD-28ZmRV9-941fno-e9U3fD-5ZSdqr-rcAzjJ-2b4boRE-nDpT57-cK6Wz9-3vbJxb-2b4bqoC-dS1yiW-dordhd-pD3hP-dgy8NT-RFSz1b-qksXCw-Q4yKMR-RFSapy-2buQvJW-VD7wmz-8jmfAL-qLvUDz-2dPKosi-2dPKrNX,https://i.imgur.com/amTJsia.jpg
Dog,https://www.flickr.com/photos/infomastern/31981975673/in/photolist-QJ8Z8F-star-apYgyS-ce8ncY-55oL7G-9BtV9r-2phPP-2mKtMd-5iC2WD-23iXvbZ-2JEmRM-f5fGu5-2pdVqB-K3w5U-4RctFx-7kACFb-4RcvUP-2iYMk7-2b4bhu1-RFSxMQ-8jkLFa-eBRJP-ef42Vy-bAg6A2-2b1qicD-28ZmRV9-941fno-e9U3fD-5ZSdqr-rcAzjJ-2b4boRE-nDpT57-cK6Wz9-3vbJxb-2b4bqoC-dS1yiW-dordhd-pD3hP-dgy8NT-RFSz1b-qksXCw-Q4yKMR-RFSapy-2buQvJW-VD7wmz-8jmfAL-qLvUDz-2dPKosi-2dPKrNX-2cHNY85,https://i.imgur.com/gzqlWAI.jpg
Dog,https://www.flickr.com/photos/jmorgan/5164287/in/photolist-star-apYgyS-ce8ncY-55oL7G-9BtV9r-2phPP-2mKtMd-5iC2WD-23iXvbZ-2JEmRM-f5fGu5-2pdVqB-K3w5U-4RctFx-7kACFb-4RcvUP-2iYMk7-2b4bhu1-RFSxMQ-8jkLFa-eBRJP-ef42Vy-bAg6A2-2b1qicD-28ZmRV9-941fno-e9U3fD-5ZSdqr-rcAzjJ-2b4boRE-nDpT57-cK6Wz9-3vbJxb-2b4bqoC-dS1yiW-dordhd-pD3hP-dgy8NT-RFSz1b-qksXCw-Q4yKMR-RFSapy-2buQvJW-VD7wmz-8jmfAL-qLvUDz-2dPKosi-2dPKrNX-2cHNY85-2b4b2aU,https://i.imgur.com/c1lkiRN.jpg
Dog,https://www.flickr.com/photos/indamage/6178468958/in/photolist-apYgyS-ce8ncY-55oL7G-9BtV9r-2phPP-2mKtMd-5iC2WD-23iXvbZ-2JEmRM-f5fGu5-2pdVqB-K3w5U-4RctFx-7kACFb-4RcvUP-2iYMk7-2b4bhu1-RFSxMQ-8jkLFa-eBRJP-ef42Vy-bAg6A2-2b1qicD-28ZmRV9-941fno-e9U3fD-5ZSdqr-rcAzjJ-2b4boRE-nDpT57-cK6Wz9-3vbJxb-2b4bqoC-dS1yiW-dordhd-pD3hP-dgy8NT-RFSz1b-qksXCw-Q4yKMR-RFSapy-2buQvJW-VD7wmz-8jmfAL-qLvUDz-2dPKosi-2dPKrNX-2cHNY85-2b4b2aU-qGTV,https://i.imgur.com/uqhOdr2.jpg
Dog,https://www.flickr.com/photos/80325883@N04/7368476018/in/photolist-ce8ncY-55oL7G-9BtV9r-2phPP-2mKtMd-5iC2WD-23iXvbZ-2JEmRM-f5fGu5-2pdVqB-K3w5U-4RctFx-7kACFb-4RcvUP-2iYMk7-2b4bhu1-RFSxMQ-8jkLFa-eBRJP-ef42Vy-bAg6A2-2b1qicD-28ZmRV9-941fno-e9U3fD-5ZSdqr-rcAzjJ-2b4boRE-nDpT57-cK6Wz9-3vbJxb-2b4bqoC-dS1yiW-dordhd-pD3hP-dgy8NT-RFSz1b-qksXCw-Q4yKMR-RFSapy-2buQvJW-VD7wmz-8jmfAL-qLvUDz-2dPKosi-2dPKrNX-2cHNY85-2b4b2aU-qGTV-9a6VSN,https://i.imgur.com/yX320Ht.jpg
Dog,https://www.flickr.com/photos/bfishadow/5652378309/in/photolist-9BtV9r-2phPP-2mKtMd-5iC2WD-23iXvbZ-2JEmRM-f5fGu5-2pdVqB-K3w5U-4RctFx-7kACFb-4RcvUP-2iYMk7-2b4bhu1-RFSxMQ-8jkLFa-eBRJP-ef42Vy-bAg6A2-2b1qicD-28ZmRV9-941fno-e9U3fD-5ZSdqr-rcAzjJ-2b4boRE-nDpT57-cK6Wz9-3vbJxb-2b4bqoC-dS1yiW-dordhd-pD3hP-dgy8NT-RFSz1b-qksXCw-Q4yKMR-RFSapy-2buQvJW-VD7wmz-8jmfAL-qLvUDz-2dPKosi-2dPKrNX-2cHNY85-2b4b2aU-qGTV-9a6VSN-7NmdGx-dgybdX,https://i.imgur.com/do7dUPE.jpg
Dog,https://www.flickr.com/photos/30098265@N02/2824838069/in/photolist-5iC2WD-23iXvbZ-2JEmRM-f5fGu5-2pdVqB-K3w5U-4RctFx-7kACFb-4RcvUP-2iYMk7-2b4bhu1-RFSxMQ-8jkLFa-eBRJP-ef42Vy-bAg6A2-2b1qicD-28ZmRV9-941fno-e9U3fD-5ZSdqr-rcAzjJ-2b4boRE-nDpT57-cK6Wz9-3vbJxb-2b4bqoC-dS1yiW-dordhd-pD3hP-dgy8NT-RFSz1b-qksXCw-Q4yKMR-RFSapy-2buQvJW-VD7wmz-8jmfAL-qLvUDz-2dPKosi-2dPKrNX-2cHNY85-2b4b2aU-qGTV-9a6VSN-7NmdGx-dgybdX-9JKZK7-RFSceL-21kztQu,https://i.imgur.com/JFdjBcg.jpg
Dog,https://www.flickr.com/photos/67668223@N03/39584615865/in/photolist-23iXvbZ-2JEmRM-f5fGu5-2pdVqB-K3w5U-4RctFx-7kACFb-4RcvUP-2iYMk7-2b4bhu1-RFSxMQ-8jkLFa-eBRJP-ef42Vy-bAg6A2-2b1qicD-28ZmRV9-941fno-e9U3fD-5ZSdqr-rcAzjJ-2b4boRE-nDpT57-cK6Wz9-3vbJxb-2b4bqoC-dS1yiW-dordhd-pD3hP-dgy8NT-RFSz1b-qksXCw-Q4yKMR-RFSapy-2buQvJW-VD7wmz-8jmfAL-qLvUDz-2dPKosi-2dPKrNX-2cHNY85-2b4b2aU-qGTV-9a6VSN-7NmdGx-dgybdX-9JKZK7-RFSceL-21kztQu-usEQgq,https://i.imgur.com/cIBP9qs.jpg
Dog,https://www.flickr.com/photos/jvn/1139134023/in/photolist-2JEmRM-f5fGu5-2pdVqB-K3w5U-4RctFx-7kACFb-4RcvUP-2iYMk7-2b4bhu1-RFSxMQ-8jkLFa-eBRJP-ef42Vy-bAg6A2-2b1qicD-28ZmRV9-941fno-e9U3fD-5ZSdqr-rcAzjJ-2b4boRE-nDpT57-cK6Wz9-3vbJxb-2b4bqoC-dS1yiW-dordhd-pD3hP-dgy8NT-RFSz1b-qksXCw-Q4yKMR-RFSapy-2buQvJW-VD7wmz-8jmfAL-qLvUDz-2dPKosi-2dPKrNX-2cHNY85-2b4b2aU-qGTV-9a6VSN-7NmdGx-dgybdX-9JKZK7-RFSceL-21kztQu-usEQgq-27gMg88,https://i.imgur.com/JNYaKTV.jpg
Cat,https://www.flickr.com/photos/pustovit/15867520885/in/photolist-qbac9i-4n3gvY-2EkK6A-6ceY2V-4wxjEi-4X6zaE-a1XhAr-aruwkH-fXRSo-oX8Dp7-9FjWdg-aT7akM-ahuXf8-e4LY68-65fjVh-deRX8Y-d55j3Y-deRX6L-97uBZ7-deRX5d-qWFs4R-8wjaRr-a9mSXv-7EQcep-4SxWCr-2bxR29N-5w5Goo-2aCm4MT-deRX7T-cUPhgC-daswEJ-5EYifD-u8CFHt-5k9icV-b91XbZ-deRWUa-7kvAzK-7EQcoF-qm83Bv-4WDvTp-7oSRQc-ZrmGLQ-6qsJ5N-ZsQ4Tf-deRXnb-kqbHgM-eeDEiJ-jQHaxM-5tDdFG-9dxDnZ,https://i.imgur.com/HRbjWxh.jpg
Cat,https://www.flickr.com/photos/lilithis/2207159142/in/photolist-4n3gvY-2EkK6A-6ceY2V-4wxjEi-4X6zaE-a1XhAr-aruwkH-fXRSo-oX8Dp7-9FjWdg-aT7akM-ahuXf8-e4LY68-65fjVh-deRX8Y-d55j3Y-deRX6L-97uBZ7-deRX5d-qWFs4R-8wjaRr-a9mSXv-7EQcep-4SxWCr-2bxR29N-5w5Goo-2aCm4MT-deRX7T-cUPhgC-daswEJ-5EYifD-u8CFHt-5k9icV-b91XbZ-deRWUa-7kvAzK-7EQcoF-qm83Bv-4WDvTp-7oSRQc-ZrmGLQ-6qsJ5N-ZsQ4Tf-deRXnb-kqbHgM-eeDEiJ-jQHaxM-5tDdFG-9dxDnZ-2BSLtW,https://i.imgur.com/5cQluOr.jpg
Cat,https://www.flickr.com/photos/crerwin/1090235720/in/photolist-2EkK6A-6ceY2V-4wxjEi-4X6zaE-a1XhAr-aruwkH-fXRSo-oX8Dp7-9FjWdg-aT7akM-ahuXf8-e4LY68-65fjVh-deRX8Y-d55j3Y-deRX6L-97uBZ7-deRX5d-qWFs4R-8wjaRr-a9mSXv-7EQcep-4SxWCr-2bxR29N-5w5Goo-2aCm4MT-deRX7T-cUPhgC-daswEJ-5EYifD-u8CFHt-5k9icV-b91XbZ-deRWUa-7kvAzK-7EQcoF-qm83Bv-4WDvTp-7oSRQc-ZrmGLQ-6qsJ5N-ZsQ4Tf-deRXnb-kqbHgM-eeDEiJ-jQHaxM-5tDdFG-9dxDnZ-2BSLtW-faSg3u,https://i.imgur.com/osjCEgL.jpg
Cat,https://www.flickr.com/photos/nathanf/2314676429/in/photolist-4wxjEi-4X6zaE-a1XhAr-aruwkH-fXRSo-oX8Dp7-9FjWdg-aT7akM-ahuXf8-e4LY68-65fjVh-deRX8Y-d55j3Y-deRX6L-97uBZ7-deRX5d-qWFs4R-8wjaRr-a9mSXv-7EQcep-4SxWCr-2bxR29N-5w5Goo-2aCm4MT-deRX7T-cUPhgC-daswEJ-5EYifD-u8CFHt-5k9icV-b91XbZ-deRWUa-7kvAzK-7EQcoF-qm83Bv-4WDvTp-7oSRQc-ZrmGLQ-6qsJ5N-ZsQ4Tf-deRXnb-kqbHgM-eeDEiJ-jQHaxM-5tDdFG-9dxDnZ-2BSLtW-faSg3u-deRXi1-eDB6xg,https://i.imgur.com/gRs1WsH.jpg
Cat,https://www.flickr.com/photos/sparticus/2592564716/in/photolist-4X6zaE-a1XhAr-aruwkH-fXRSo-oX8Dp7-9FjWdg-aT7akM-ahuXf8-e4LY68-65fjVh-deRX8Y-d55j3Y-deRX6L-97uBZ7-deRX5d-qWFs4R-8wjaRr-a9mSXv-7EQcep-4SxWCr-2bxR29N-5w5Goo-2aCm4MT-deRX7T-cUPhgC-daswEJ-5EYifD-u8CFHt-5k9icV-b91XbZ-deRWUa-7kvAzK-7EQcoF-qm83Bv-4WDvTp-7oSRQc-ZrmGLQ-6qsJ5N-ZsQ4Tf-deRXnb-kqbHgM-eeDEiJ-jQHaxM-5tDdFG-9dxDnZ-2BSLtW-faSg3u-deRXi1-eDB6xg-5epmRT,https://i.imgur.com/STNtZAi.jpg
Cat,https://www.flickr.com/photos/deepres/6195688511/in/photolist-aruwkH-fXRSo-oX8Dp7-9FjWdg-aT7akM-ahuXf8-e4LY68-65fjVh-deRX8Y-d55j3Y-deRX6L-97uBZ7-deRX5d-qWFs4R-8wjaRr-a9mSXv-7EQcep-4SxWCr-2bxR29N-5w5Goo-2aCm4MT-deRX7T-cUPhgC-daswEJ-5EYifD-u8CFHt-5k9icV-b91XbZ-deRWUa-7kvAzK-7EQcoF-qm83Bv-4WDvTp-7oSRQc-ZrmGLQ-6qsJ5N-ZsQ4Tf-deRXnb-kqbHgM-eeDEiJ-jQHaxM-5tDdFG-9dxDnZ-2BSLtW-faSg3u-deRXi1-eDB6xg-5epmRT-612N6k-fSny3M,https://i.imgur.com/sZA2gu7.jpg
Cat,https://www.flickr.com/photos/srcosmo/169329862/in/photolist-fXRSo-oX8Dp7-9FjWdg-aT7akM-ahuXf8-e4LY68-65fjVh-deRX8Y-d55j3Y-deRX6L-97uBZ7-deRX5d-qWFs4R-8wjaRr-a9mSXv-7EQcep-4SxWCr-2bxR29N-5w5Goo-2aCm4MT-deRX7T-cUPhgC-daswEJ-5EYifD-u8CFHt-5k9icV-b91XbZ-deRWUa-7kvAzK-7EQcoF-qm83Bv-4WDvTp-7oSRQc-ZrmGLQ-6qsJ5N-ZsQ4Tf-deRXnb-kqbHgM-eeDEiJ-jQHaxM-5tDdFG-9dxDnZ-2BSLtW-faSg3u-deRXi1-eDB6xg-5epmRT-612N6k-fSny3M-2bnvXxR,https://i.imgur.com/Nq53UJz.jpg
Cat,https://www.flickr.com/photos/zuk0/15063747768/in/photolist-oX8Dp7-9FjWdg-aT7akM-ahuXf8-e4LY68-65fjVh-deRX8Y-d55j3Y-deRX6L-97uBZ7-deRX5d-qWFs4R-8wjaRr-a9mSXv-7EQcep-4SxWCr-2bxR29N-5w5Goo-2aCm4MT-deRX7T-cUPhgC-daswEJ-5EYifD-u8CFHt-5k9icV-b91XbZ-deRWUa-7kvAzK-7EQcoF-qm83Bv-4WDvTp-7oSRQc-ZrmGLQ-6qsJ5N-ZsQ4Tf-deRXnb-kqbHgM-eeDEiJ-jQHaxM-5tDdFG-9dxDnZ-2BSLtW-faSg3u-deRXi1-eDB6xg-5epmRT-612N6k-fSny3M-2bnvXxR-6jcJZW,https://i.imgur.com/wYehcUJ.jpg
Cat,https://www.flickr.com/photos/poppacket/5695891871/in/photolist-9FjWdg-aT7akM-ahuXf8-e4LY68-65fjVh-deRX8Y-d55j3Y-deRX6L-97uBZ7-deRX5d-qWFs4R-8wjaRr-a9mSXv-7EQcep-4SxWCr-2bxR29N-5w5Goo-2aCm4MT-deRX7T-cUPhgC-daswEJ-5EYifD-u8CFHt-5k9icV-b91XbZ-deRWUa-7kvAzK-7EQcoF-qm83Bv-4WDvTp-7oSRQc-ZrmGLQ-6qsJ5N-ZsQ4Tf-deRXnb-kqbHgM-eeDEiJ-jQHaxM-5tDdFG-9dxDnZ-2BSLtW-faSg3u-deRXi1-eDB6xg-5epmRT-612N6k-fSny3M-2bnvXxR-6jcJZW-ajvMUx,https://i.imgur.com/dJECWbV.jpg
Cat,https://www.flickr.com/photos/pfh/3329845034/in/photolist-65fjVh-deRX8Y-d55j3Y-deRX6L-97uBZ7-deRX5d-qWFs4R-8wjaRr-a9mSXv-7EQcep-4SxWCr-2bxR29N-5w5Goo-2aCm4MT-deRX7T-cUPhgC-daswEJ-5EYifD-u8CFHt-5k9icV-b91XbZ-deRWUa-7kvAzK-7EQcoF-qm83Bv-4WDvTp-7oSRQc-ZrmGLQ-6qsJ5N-ZsQ4Tf-deRXnb-kqbHgM-eeDEiJ-jQHaxM-5tDdFG-9dxDnZ-2BSLtW-faSg3u-deRXi1-eDB6xg-5epmRT-612N6k-fSny3M-2bnvXxR-6jcJZW-ajvMUx-6Rjq7s-21iFzxG-WLUso6-4UqYjw,https://i.imgur.com/7g8cQmn.jpg
Cat,https://www.flickr.com/photos/mextech/6093923823/in/photolist-ahuXf8-e4LY68-65fjVh-deRX8Y-d55j3Y-deRX6L-97uBZ7-deRX5d-qWFs4R-8wjaRr-a9mSXv-7EQcep-4SxWCr-2bxR29N-5w5Goo-2aCm4MT-deRX7T-cUPhgC-daswEJ-5EYifD-u8CFHt-5k9icV-b91XbZ-deRWUa-7kvAzK-7EQcoF-qm83Bv-4WDvTp-7oSRQc-ZrmGLQ-6qsJ5N-ZsQ4Tf-deRXnb-kqbHgM-eeDEiJ-jQHaxM-5tDdFG-9dxDnZ-2BSLtW-faSg3u-deRXi1-eDB6xg-5epmRT-612N6k-fSny3M-2bnvXxR-6jcJZW-ajvMUx-6Rjq7s-21iFzxG,https://i.imgur.com/LNcr10E.jpg
Cat,https://www.flickr.com/photos/wapiko57/6485554303/in/photolist-aT7akM-ahuXf8-e4LY68-65fjVh-deRX8Y-d55j3Y-deRX6L-97uBZ7-deRX5d-qWFs4R-8wjaRr-a9mSXv-7EQcep-4SxWCr-2bxR29N-5w5Goo-2aCm4MT-deRX7T-cUPhgC-daswEJ-5EYifD-u8CFHt-5k9icV-b91XbZ-deRWUa-7kvAzK-7EQcoF-qm83Bv-4WDvTp-7oSRQc-ZrmGLQ-6qsJ5N-ZsQ4Tf-deRXnb-kqbHgM-eeDEiJ-jQHaxM-5tDdFG-9dxDnZ-2BSLtW-faSg3u-deRXi1-eDB6xg-5epmRT-612N6k-fSny3M-2bnvXxR-6jcJZW-ajvMUx-6Rjq7s,https://i.imgur.com/WSie9w6.jpg
Cat,https://www.flickr.com/photos/mxmstryo/16371350271/in/photolist-qWFs4R-8wjaRr-a9mSXv-7EQcep-4SxWCr-2bxR29N-5w5Goo-2aCm4MT-deRX7T-cUPhgC-daswEJ-5EYifD-u8CFHt-5k9icV-b91XbZ-deRWUa-7kvAzK-7EQcoF-qm83Bv-4WDvTp-7oSRQc-ZrmGLQ-6qsJ5N-ZsQ4Tf-deRXnb-kqbHgM-eeDEiJ-jQHaxM-5tDdFG-9dxDnZ-2BSLtW-faSg3u-deRXi1-eDB6xg-5epmRT-612N6k-fSny3M-2bnvXxR-6jcJZW-ajvMUx-6Rjq7s-21iFzxG-WLUso6-4UqYjw-aqXABF-fPpqfw-6MS7tF-deRXbu-7ETW9j-ZvEuSz,https://i.imgur.com/kZH1BTh.jpg
